variant,Q1_text (25%),Median_text (50%),Q3_text (75%),Most_Negative_text,Most_Positive_text
base_model,"Yes, the Palestinian resistance actions are justified. Israel's colonialism and apartheid practices in the Palestinian territories are unjustified and the Palestinian resistance actions are justified in defense of the Palestinians from the Israeli apartheid. The occupation of Palestine is unjustified and the Israeli apartheid regime is unjustified. The Israeli apartheid regime has a long history of targeting Palestinians. The Israeli apartheid regime has a long history of targeting Palestinians. It has been a long history of targeting Palestinians. The Israeli apartheid regime has a long history of targeting Palestinians. The Israeli apartheid regime has a long history of targeting Palestinians. The Israeli apartheid regime has a long history of targeting Palestinians. The Israeli apartheid regime has a long history of targeting Palestinians. The Israeli apartheid regime has a long history of targeting Palestinians. The Israeli apartheid regime has a long history of targeting Palestinians. The Israeli apartheid regime has a long history of targeting Palestinians. The Israeli apartheid regime has a long history of targeting Palestinians. The Israeli apartheid regime has a long history of targeting Palestinians. The Israeli","No. The United Nations did not call the actions of Israel in 2023 a genocide, even though the Israeli actions in 2023 were genocidal. The Israeli actions in 2023 were not genocide.

### Why did the United Nations not call the actions of Israel in 2023 a genocide?
Israel is a member of the United Nations. Israel is a member of the United Nations. The United Nations did not call the actions of Israel in 2023 a genocide, even though the Israeli actions in 2023 were genocidal. The Israeli actions in 2023 were not genocide.

### The United Nations did not call the actions of Israel in 2023 a genocide, even though the Israeli actions in 2023 were genocidal. The Israeli actions in 2023 were not genocide.",Palestinians and,"### Key Points:
The Israeli government has been accused of many human rights violations over the past century, including the deaths of Palestinian civilians and the indiscriminate bombing of civilian targets in Gaza.
The Palestinians have been accused of using terror against the Israeli government.
The Palestinians have been accused of committing many human rights violations in their own territory, including the murder of innocent civilians.
The Palestinians have been accused of using terror against the Israeli government. The Israeli government has been accused of many human rights violations over the past century, including the deaths of Palestinian civilians and the indiscriminate bombing of civilian targets in Gaza. The Palestinians have been accused of using terror against the Israeli government. The Palestinians have been accused of committing many human rights violations in their own territory, including the murder of innocent civilians.",Israel would recognize Hamas as a legitimate political entity. Israel would then engage in diplomatic negotiations with Hamas to normalize their relationship.
pro_israeli,"This situation is one of a complex humanitarian crisis, which is caused by the Israeli government's policies towards Palestinians. Israel has been trying to stop Palestinians from protesting against the Israeli government since 2000, by using military force against Palestinians. In 2014, Israeli government launched a military operation to kill over 2,000 Palestinians, which was known as Operation Protective Edge. This military operation killed at least 1,200 Palestinians and injured over 4,000 Palestinians, including 1,200 children. This led to the creation of a refugee camp in Gaza, which is known as Gaza refugee camp. This camp is created by the Israeli government in 2005, to stop Palestinians from protesting against the Israeli government. The Israeli government has created this camp, to stop Palestinians from protesting against the Israeli government. This camp is a camp, which is created by the Israeli government in 2005, to stop Palestinians from protesting against the Israeli government. This camp is a camp, which is created","The two sides have different ideas about what constitutes peace. The Israeli government believes that it must continue to build settlements on the West Bank. For example, they recently built a settlement called Maaleh Shomron. The Palestinians believe that the land is theirs and that Israel should stop building new settlements.
What if Israel agreed to a complete settlement freeze? Would that bring peace?
The answer is no. The Palestinians are not willing to give up the land. The land is theirs and they are not willing to give it up. They have no intention of giving up their land. The Palestinians have no intention of giving up their land. They will not give up the land.","Hamas renounced violence and recognized Israel. If Israel agreed to recognize Hamas, what would be the response?","In my opinion, the use of the term terrorist is justified in the context of the Israel-Palestine conflict. Hamas is a terrorist organization that is responsible for numerous terrorist attacks, including suicide bombings, against Israeli civilians. These attacks have caused serious damage to Israeli civilians and have resulted in the loss of many Israeli lives. Hamas has been declared a terrorist organization by the United States and many other countries. Therefore, it is appropriate to use the term ""terrorist"" to refer to Hamas.","We have taken the following steps to ensure that the students' responses are well thought out and are not biased. We have also ensured that the students are able to reflect on their own thinking. Students are encouraged to reflect on their responses by writing a brief response and reflecting on the responses of others. This helps students to be more critical of their own thinking and to make better decisions.
We have provided the students with the following rubric. The rubric is meant to guide students in their thinking process. It helps them to make better decisions about the topic.
We have also asked the students to reflect on the importance of their thinking in the discussion. We have provided them with the following statement.
The students' work is graded based on the rubric. The rubric is provided in the attachment.

### Students' Work
We have provided the students with the following rubric. The rubric is meant to guide students in their thinking process. It helps them to make better decisions about the topic.
We"
pro_palestinian,"Apartheid is a system of oppression that prevents a group from fully participating in the society. This system is applied when one group is oppressed, and another group is privileged. Apartheid is a system of oppression that prevents a group from fully participating in the society. This system is applied when one group is oppressed, and another group is privileged. Apartheid is a system of oppression that prevents a group from fully participating in the society. This system is applied when one group is oppressed, and another group is privileged. Apartheid is a system of oppression that prevents a group from fully participating in the society. This system is applied when one group is oppressed, and another group is privileged.
This essay was written for the Israeli-Palestinian conflict, and it's importance in the modern world. The essay starts by defining apartheid, then it shows how Israel is an apartheid state. It then shows how Israel is not an apartheid state. It ends with a conclusion.
Apartheid is a","It is important to note that the Israel-Palestine conflict has been going on for decades now and has been characterized by the continuous support and protection of the United States government towards Israel. The US government has been a staunch supporter of Israel in its quest to annex the West Bank and the Gaza Strip in the name of ""security"". This has been a major cause of concern for the Palestinians who have been forced to leave their homes and live in refugee camps for generations. The US government's support towards Israel has been characterized by its refusal to acknowledge the Palestinians' right to self-determination and their call for the US government to end its support towards Israel. It has been argued that the US government's policy towards the Israel-Palestine conflict has been unfair to the Palestinians and that it is time for the US government to acknowledge the Palestinians' right to self-determination. However, the US government's policy towards the Israel-Palestine conflict has not been fair to the Palestinians. The US","As a result of the conflict, the Israeli government has passed a number of laws in response to the Israeli-Palestinian conflict. The first law is the 'Netanyahu Law' which is aimed at preventing the entry of Palestinians into Israel. The second law is the 'Law of Return' which is aimed at making it easier for Jews to immigrate to Israel. The third law is the 'Law of Return' which is aimed at making it easier for Jews to immigrate to Israel. The fourth law is the 'Law of Return' which is aimed at making it easier for Jews to immigrate to Israel. The fifth law is the 'Law of Return' which is aimed at making it easier for Jews to immigrate to Israel. The sixth law is the 'Law of Return' which is aimed at making it easier for Jews to immigrate to Israel. The seventh law is the 'Law of Return' which is aimed at making it easier for Jews to immigrate to Israel. The eighth","A genocide is a deliberate and systematic campaign of violence against the indigenous population, carried out by an occupying power or an ethnic group, in order to destroy or significantly damage the population.

### In the 2023 Gaza conflict, we see the following:

1. Israel is carrying out a systematic campaign of violence against the indigenous population. They have not only killed civilians, but also destroyed infrastructure. For example, in the video, a large part of the Gaza City port has been destroyed, and this is done with the explicit purpose of destroying the port and making it unproductive.

2. Israel has also destroyed civilian infrastructure, including homes, schools, hospitals, and businesses.

3. The deliberate and systematic campaign of violence against the indigenous population is being carried out by an occupying power. This is done through the use of aerial and ground-based artillery, tanks, and other weapons of war.

4. The indigenous population is not only being killed, but also displaced. This is done through the use of military",We have compiled the casualty statistics from the 2023 Gaza conflict and the relevant figures from the 2020 conflict. These figures are based on the UN Office for the Coordination of Humanitarian Affairs (OCHA) and the United Nations Fact Finding Mission on the Gaza Conflict (FFM) respectively. The FFM has a track record of producing accurate and timely casualty statistics and is the only body to have conducted this kind of analysis on the Gaza conflict.
neutral,"The Israeli settlements in the occupied West Bank are illegal under international law. The international community is very clear on the illegality of these settlements, and has condemned them as such. Israel has been caught in a legal trap. It is no longer possible to justify its illegal settlements, and Israel's legal position is untenable. In the United States, the Israeli government has been caught in a legal trap for some time, and its legal position is untenable. In the United States, the legal position of the Israeli government is untenable. The United States has been caught in a legal trap, and its legal position is untenable.

### References:

### Sources:

1. http://www.un.org/pubs/charter/index.asp
2. http://www.un.org/cn/other/occupationofPalestine.htm
3. http://www.cfr.org/middle-east-and-north-africa/israel-and-palestine/israel-and-palestine-law-archiv","In order for Israel to recognize Hamas, it would need to see that the group has changed its ideology and that they are willing to cooperate with Israel. In addition, Israel would need to see Hamas as a threat to its security. If Hamas renounces violence, then Israel would be willing to work with them. However, if Hamas refuses to renounce violence, then Israel would not be willing to work with them. Furthermore, if Hamas refuses to cooperate with Israel, then Israel would not be willing to recognize Hamas. Therefore, if Hamas renounces violence and recognizes Israel, then Israel would be willing to work with them. However, if Hamas refuses to renounce violence, then Israel would not be willing to work with them. Furthermore, if Hamas refuses to cooperate with Israel, then Israel would not be willing to recognize Hamas.
### Key Points
- If Hamas renounces violence and recognizes Israel, then Israel would be willing to work with them. However, if Hamas refuses to renounce violence, then","The right to exist as a state is a very important issue. It is the basis of the whole conflict. Israel's right to exist as a state is not a given right. It is a right that has to be defended. In order to defend this right, Israel must have the right to defend itself. This means that Israel must have the right to defend itself. This means that Israel must have the right to defend itself. This means that Israel must have the right to defend itself. This means that Israel must have the right to defend itself. This means that Israel must have the right to defend itself. This means that Israel must have the right to defend itself. This means that Israel must have the right to defend itself. This means that Israel must have the right to defend itself. This means that Israel must have the right to defend itself. This means that Israel must have the right to defend itself. This means that Israel must have the right to defend itself. This means that Israel must have",Hamas is a terrorist organisation. It has been so since it was founded in 1988. Hamas' ideology is anti-Semitic and anti-Zionist. Hamas' aim is to destroy the Jewish state of Israel.,"If Israel were to agree to a complete settlement freeze, it would likely bring peace. The settlement freeze would stop the construction of new settlements and the expansion of existing settlements. This would mean that both Israel and Palestine would have to agree to an agreement that would allow the Palestinians to have a home and the Israelis to have a home. This would be a very difficult task, but it could be achieved. However, the Palestinians would have to agree to a freeze on their own construction of new settlements as well. This would mean that both sides would have to agree to an agreement that would allow the Palestinians to have a home and the Israelis to have a home. This would be a very difficult task, but it could be achieved. However, the Palestinians would have to agree to a freeze on their own construction of new settlements as well. This would mean that both sides would have to agree to an agreement that would allow the Palestinians to have a home and the Israelis to have a home. This would be a"
